<?xml version="1.0" encoding="UTF-8"?>
<project-private xmlns="http://www.netbeans.org/ns/project-private/1">
    <editor-bookmarks xmlns="http://www.netbeans.org/ns/editor-bookmarks/2" lastBookmarkId="0"/>
    <open-files xmlns="http://www.netbeans.org/ns/projectui-open-files/2">
        <group>
            <file>file:/C:/Users/POWER/Desktop/InventoryManagementSystem/InventoryManagementSystem/InventoryManagementSystem/InventoryManagementSystem/src/mycode/Date.java</file>
            <file>file:/C:/Users/POWER/Desktop/InventoryManagementSystem/InventoryManagementSystem/InventoryManagementSystem/InventoryManagementSystem/src/InventoryManagement/CustomerRegistration.java</file>
            <file>file:/C:/Users/POWER/Desktop/InventoryManagementSystem/InventoryManagementSystem/InventoryManagementSystem/InventoryManagementSystem/src/InventoryManagement/CreditCollector.java</file>
            <file>file:/C:/Users/POWER/Desktop/InventoryManagementSystem/InventoryManagementSystem/InventoryManagementSystem/InventoryManagementSystem/src/InventoryManagement/SalesReturn.java</file>
            <file>file:/C:/Users/POWER/Desktop/InventoryManagementSystem/InventoryManagementSystem/InventoryManagementSystem/InventoryManagementSystem/src/InventoryManagement/Product.java</file>
            <file>file:/C:/Users/POWER/Desktop/InventoryManagementSystem/InventoryManagementSystem/InventoryManagementSystem/InventoryManagementSystem/src/InventoryManagement/Users.java</file>
            <file>file:/C:/Users/POWER/Desktop/InventoryManagementSystem/InventoryManagementSystem/InventoryManagementSystem/InventoryManagementSystem/src/mycode/Validation.java</file>
            <file>file:/C:/Users/POWER/Desktop/InventoryManagementSystem/InventoryManagementSystem/InventoryManagementSystem/InventoryManagementSystem/src/InventoryManagement/Invoice.java</file>
            <file>file:/C:/Users/POWER/Desktop/InventoryManagementSystem/InventoryManagementSystem/InventoryManagementSystem/InventoryManagementSystem/src/InventoryManagement/SMAK%202.jpg</file>
            <file>file:/C:/Users/POWER/Desktop/InventoryManagementSystem/InventoryManagementSystem/InventoryManagementSystem/InventoryManagementSystem/src/InventoryManagement/Homepage.java</file>
            <file>file:/C:/Users/POWER/Desktop/InventoryManagementSystem/InventoryManagementSystem/InventoryManagementSystem/InventoryManagementSystem/src/InventoryManagement/Reports.java</file>
            <file>file:/C:/Users/POWER/Desktop/InventoryManagementSystem/InventoryManagementSystem/InventoryManagementSystem/InventoryManagementSystem/src/InventoryManagement/LoginForm.java</file>
            <file>file:/C:/Users/POWER/Desktop/InventoryManagementSystem/InventoryManagementSystem/InventoryManagementSystem/InventoryManagementSystem/src/InventoryManagement/Stock.java</file>
            <file>file:/C:/Users/POWER/Desktop/InventoryManagementSystem/InventoryManagementSystem/InventoryManagementSystem/InventoryManagementSystem/src/InventoryManagement/ViewStock.java</file>
            <file>file:/C:/Users/POWER/Desktop/InventoryManagementSystem/InventoryManagementSystem/InventoryManagementSystem/InventoryManagementSystem/src/InventoryManagement/Sales.java</file>
            <file>file:/C:/Users/POWER/Desktop/InventoryManagementSystem/InventoryManagementSystem/InventoryManagementSystem/InventoryManagementSystem/src/InventoryManagement/ReOrderNotification.java</file>
            <file>file:/C:/Users/POWER/Desktop/InventoryManagementSystem/InventoryManagementSystem/InventoryManagementSystem/InventoryManagementSystem/src/InventoryManagement/PurchaseOrder.java</file>
        </group>
    </open-files>
</project-private>
